epoch,acc,loss,lr,val_acc,val_loss
0,0.715415381800727,0.887959807832758,0.01,0.7434957860677223,0.7674835321884882
