epoch,acc,loss,lr,val_acc,val_loss
0,0.7644749469432182,0.7214110489066601,0.01,0.8334205020920502,0.488282266271663
